user_id,sub_id,throwaway,percentage,created,sentiment,comments,score
jamoc,do4q66,-0.25,-0.1,0.0,-0.5752,7,-0.175
jamoc,cy037g,-0.25,-0.1,-1.0,-0.8779,10,-0.56395
jamoc,ct9f8v,-0.25,-0.1,-0.4,0.5773,44,-0.175
dcjk1zj,cvv0g8,-0.25,-0.1,-0.8,-0.8625,203,-0.525
dcjk1zj,cv21l6,-0.25,-0.1,-0.4,-0.5994,55,-0.325
dcjk1zj,clijsf,-0.25,-0.1,-0.6,-0.8316,10,-0.425
aky6v,dogzdh,-0.25,-0.1,-0.8,-0.3818,63,-0.31589999999999996
aky6v,d41lqe,-0.25,-0.1,0.0,-0.6969,25,-0.175
aky6v,clfgub,-0.25,-0.1,0.0,-0.34,13,-0.175
aky6v,ck3s8l,-0.25,-0.1,0.0,-0.5719,22,-0.175
