user_id,sub_id,throwaway,percentage,created,sentiment,comments,score
h9jzr,au9van,-0.25,-0.4,-1.0,0.128,690,-0.325
h9jzr,atjtab,-0.25,-0.4,-0.8,-0.8074,12,-0.6000000000000001
3l1kfqwu,d50fap,-0.25,-0.8,-0.6,-0.6705,232,-0.63525
1jlnd1be,awl01b,-0.25,-0.1,-1.0,0.4404,22,-0.175
28tab16w,dj736v,-0.25,-0.1,-0.6,-0.7236,12,-0.425
28tab16w,dhqyw8,-0.25,-0.1,-0.6,-0.4479,4,-0.34895
12t88acw,caq2jq,-0.25,-0.1,-1.0,0.3818,133,-0.175
12t88acw,boknnc,-0.25,-0.1,-0.8,-0.5719,2,-0.41095
12t88acw,bh1fya,-0.25,-0.1,-0.6,-0.4657,1,-0.35785
12t88acw,b9wdyk,-0.25,-0.1,-1.0,-0.7184,1,-0.4842
3d9ihuut,cr51h3,-0.25,-0.8,-0.4,-0.5106,253,-0.45530000000000004
3d9ihuut,cjfl6i,-0.25,-0.8,-1.0,-0.7184,1,-0.7592000000000001
2l0itdr3,brrl7q,-0.25,-0.1,-1.0,-0.6597,2,-0.45485
20np54hy,c1ialh,-0.25,-0.8,-0.4,-0.5574,354,-0.4787
2bki2omh,aktnf9,-0.25,-1.0,-0.6,0.128,271,-0.425
3mgew0br,ber9ee,-0.25,-1.0,-0.8,-0.9022,143,-0.8511
4it3sqe9,dmba7h,-0.25,-0.8,-0.2,-0.2672,2,-0.2586
4it3sqe9,czuo53,-0.25,-0.8,-0.4,-0.2672,378,-0.3336
me43z,cnf7om,-0.25,-0.1,-0.4,-0.6705,1,-0.325
me43z,b2mjzx,-0.25,-0.1,-1.0,-0.5719,13,-0.41095
4h4pkfcw,cx1fgr,-0.25,-1.0,-0.6,-0.6908,321,-0.6454
