user_id,sub_id,throwaway,percentage,created,sentiment,comments,score
14f7f0,aj0wmw,-0.25,-0.1,23:39,-0.5267,686,-0.38835
14f7f0,9yh2ol,-0.25,-0.1,22:10,-0.6597,4,-0.425
14f7f0,8lq9fk,-0.25,-0.1,13:31,-0.4767,14,-0.175
14f7f0,8g8cnb,-0.25,-0.1,21:13,-0.836,84,-0.425
14f7f0,8fyrp2,-0.25,-0.1,19:32,-0.4215,308,-0.325
hz30ei8,ddzl1w,-1.0,-0.1,14:30,-0.5106,151,-0.3053
hz30ei8,9zum34,-0.25,-0.1,10:30,-0.5994,1,-0.325
hz30ei8,89c3bo,-0.25,-0.1,17:58,-0.1655,3,-0.18275000000000002
16cx4bpf,9efhbf,-0.25,-0.1,03:00,-0.8402,38,-0.5450999999999999
